<?xml version="1.0" encoding="UTF-8"?>
<addon id="repository.smrzips" name="Resolveurl Repo" version="1.0.0" provider-name="Gujal00">
    <extension point="xbmc.addon.repository" name="Resolveurl Zips">
        <info compressed="false">https://raw.githubusercontent.com/Gujal00/smrzips/master/addons.xml</info>
        <checksum>https://raw.githubusercontent.com/Gujal00/smrzips/master/addons.xml.md5</checksum>
        <datadir zip="true">https://raw.githubusercontent.com/Gujal00/smrzips/master/zips/</datadir>
    </extension>
    <extension point="xbmc.addon.metadata">
        <summary>Repository for Resolveurl Zips</summary>
        <description>Provides updates for Resolveurl Kodi video add-ons</description>
        <platform>all</platform>
        <icon>icon.png</icon>
        <fanart>fanart.jpg</fanart>
    </extension>
</addon>