<?xml version="1.0" encoding="UTF-8" standalone="yes"?>
<addon id="plugin.program.KWizard"
       name="JuDeer Wizard"
       version="3.5"
       provider-name="Goupon">

    <!-- Only required dependency -->
    <requires>
        <import addon="xbmc.python" version="3.0.0" />
    </requires>

    <!-- Main plugin entry -->
    <extension point="xbmc.python.pluginsource" library="addon.py">
        <provides>executable</provides>
    </extension>

    <!-- Startup auto-clean service -->
    <extension point="xbmc.service" library="service.py" />

    <!-- Metadata -->
    <extension point="xbmc.addon.metadata">
        <summary lang="en_GB">JuDeer Wizard</summary>
        <description lang="en_GB">Wizard for auto-clean and maintenance</description>
        <disclaimer lang="en_GB">This Addon contains no content</disclaimer>

        <language>en</language>
        <platform>all</platform>
        <license>GPL-2.0-or-later</license>

        <assets>
            <icon>icon.png</icon>
            <fanart>fanart.jpg</fanart>
        </assets>
    </extension>

</addon>
