<?xml version="1.0" encoding="UTF-8" standalone="yes"?>
<addon id="repository.kons" name="Kons Repo" version="1.1" provider-name="Goupon">
	<extension point="xbmc.addon.repository" name="Kons Repo">
	  <dir>	
		<info compressed="false">https://raw.githubusercontent.com/JuDeer/folder/master/addons.xml</info>
		<checksum>https://raw.githubusercontent.com/JuDeer/folder/master/addons.xml.md5</checksum>
		<datadir zip="true">https://raw.githubusercontent.com/JuDeer/folder/master/</datadir>
	  </dir>		
	</extension>
	<extension point="xbmc.addon.metadata">
		<summary></summary>
		<description></description>
		<platform>all</platform>	
        <assets>
            <icon>icon.png</icon>
            <fanart>fanart.jpg</fanart>
        </assets>		
	</extension>
</addon>
