<?xml version="1.0" encoding="UTF-8" standalone="yes"?>
<addon id="repository.JuDeer" name="JuDeer Repo" version="1.4" provider-name="Goupon">
  <extension point="xbmc.addon.repository" name="JuDeer Repo">
    <!-- my own repo -->
    <dir>
      <info compressed="false">https://raw.githubusercontent.com/JuDeer/folder/master/addons.xml</info>
      <checksum>https://raw.githubusercontent.com/JuDeer/folder/master/addons.xml.md5</checksum>
      <datadir zip="true">https://raw.githubusercontent.com/JuDeer/folder/master/</datadir>
    </dir>

    <!-- Gujal ResolveURL repo -->
    <dir>
      <info compressed="false">https://raw.githubusercontent.com/Gujal00/smrzips/master/addons.xml</info>
      <checksum>https://raw.githubusercontent.com/Gujal00/smrzips/master/addons.xml.md5</checksum>
      <datadir zip="true">https://raw.githubusercontent.com/Gujal00/smrzips/master/zips/</datadir>
    </dir>

    <!-- YouTube unofficial repo (commented out; keep for future use) -->
    <!--
    <dir minversion="19.0.0">
      <info compressed="false">https://download.osmc.tv/dev/anxdpanic/kodi/youtube/unofficial/addons.xml</info>
      <checksum>https://download.osmc.tv/dev/anxdpanic/kodi/youtube/unofficial/addons.xml.md5</checksum>
      <datadir zip="true">https://download.osmc.tv/dev/anxdpanic/kodi/youtube/unofficial/zips</datadir>
      <hashes>false</hashes>
    </dir>
    -->
  </extension>

  <extension point="xbmc.addon.metadata">
    <summary>JuDeer Repository</summary>
    <description>Repository for Khmer Dubbed add-on and dependencies.</description>
    <platform>all</platform>
    <assets>
      <icon>icon.png</icon>
      <fanart>fanart.jpg</fanart>
    </assets>
  </extension>
</addon>