<?xml version="1.0" encoding="UTF-8"?>
<addon id="plugin.video.KDubbed" version="1.7.2" name="Khmer Dubbed" provider-name="Dodgex, Goupon">
  <requires>
    <import addon="xbmc.python" version="3.0.0"/>
    <import addon="script.module.simplejson"/>
    <import addon="script.module.beautifulsoup4"/>
    <import addon="script.module.resolveurl"/>
    <import addon="script.module.requests" version="2.22.0"/>
    <import addon="script.module.future" version="0.17.1"/>
    <import addon="script.module.yt_dlp" optional="true"/>
    <import addon="service.yt-dlp" optional="true"/>
    <!-- In case YouTube plugin is needed in the future -->
    <!-- <import addon="plugin.video.youtube" optional="true"/> -->
  </requires>

  <extension point="xbmc.python.pluginsource" library="ADDON.py">
    <provides>video</provides>
  </extension>

  <extension point="xbmc.addon.metadata">
    <summary>Collections of Chinese series dubbed in Khmer from various sites</summary>
    <description>Use at your own risk. This add-on is not affiliated with any content providers.</description>
    <disclaimer>This add-on is not affiliated with any of the content providers. Use at your own discretion.</disclaimer>
    <assets>
      <icon>resources/images/icon.png</icon>
      <fanart>resources/images/fanart.jpg</fanart>
    </assets>
    <platform>all</platform>
  </extension>
</addon>
