<?xml version="1.0" encoding="UTF-8"?>
<addon id="inputstream.adaptive" version="21.5.15.3" name="InputStream Adaptive" provider-name="peak3d, Team Kodi">
  <requires>
    <import addon="kodi.binary.global.main" minversion="2.0.0" version="2.0.2"/>
    <import addon="kodi.binary.global.general" minversion="1.0.4" version="1.0.5"/>
    <import addon="kodi.binary.global.gui" minversion="5.15.0" version="5.15.0"/>
    <import addon="kodi.binary.global.filesystem" minversion="1.1.7" version="1.1.8"/>
    <import addon="kodi.binary.global.tools" minversion="1.0.0" version="1.0.4"/>
    <import addon="kodi.binary.instance.inputstream" minversion="3.3.0" version="3.3.0"/>
    <import addon="kodi.binary.instance.videocodec" minversion="2.1.0" version="2.1.0"/>
  </requires>

  <extension point="kodi.inputstream" name="adaptive"
             library_linux="inputstream.adaptive.so.21.5.15"/>

  <extension point="xbmc.addon.metadata">
    <!-- Platforms supported -->
    <platform>linux</platform>
    <platform>arm</platform>
    <platform>aarch64</platform>

    <license>GPL-2.0-or-later</license>
    <source>https://github.com/xbmc/inputstream.adaptive</source>
    <assets>
      <icon>icon.png</icon>
      <fanart>fanart.jpg</fanart>
    </assets>

    <summary lang="en_GB">InputStream client for adaptive streams</summary>
    <description lang="en_GB">
      InputStream client for adaptive streams. Supports common protocols such as MPEG-DASH, HLS and Microsoft Smooth Streaming.
      Also supports DRM-protected streams like Widevine and PlayReady.
      Documentation: https://github.com/xbmc/inputstream.adaptive
    </description>
  </extension>
</addon>